subtest,cell,arc,lut,border,eps,v_inside,v_outside,rel_jump
C_clamp_transition,INV_X1,A->ZN,cell_rise,slew_low,0.001,0.07857081758888193,0.0786633933930294,0.0011768600381238039
C_clamp_transition,INV_X1,A->ZN,cell_rise,slew_low,1e-06,0.07857081758888193,0.07857091016468608,1.1782452812819007e-06
C_clamp_transition,INV_X1,A->ZN,cell_rise,slew_low,1e-09,0.07857081758888193,0.07857081768145772,1.1782465422216188e-09
C_clamp_transition,INV_X1,A->ZN,cell_rise,slew_low,1e-12,0.07857081758888193,0.07857081758897451,1.1782838120666495e-12
C_clamp_transition,INV_X1,A->ZN,cell_rise,slew_high,0.001,0.1765404441128539,0.17662653850657004,0.00048743747368927554
C_clamp_transition,INV_X1,A->ZN,cell_rise,slew_high,1e-06,0.1766264524121763,0.17662653850657004,4.874374737412897e-07
C_clamp_transition,INV_X1,A->ZN,cell_rise,slew_high,1e-09,0.17662653842047568,0.17662653850657004,4.874372480843362e-10
C_clamp_transition,INV_X1,A->ZN,cell_rise,slew_high,1e-12,0.17662653850648394,0.17662653850657004,4.874567337822695e-13
C_clamp_transition,INV_X1,A->ZN,cell_rise,load_low,0.001,0.026773334225549485,0.027169196508097865,0.014570260936144828
C_clamp_transition,INV_X1,A->ZN,cell_rise,load_low,1e-06,0.026773334225549485,0.026773730087832036,1.478547371817582e-05
C_clamp_transition,INV_X1,A->ZN,cell_rise,load_low,1e-09,0.026773334225549485,0.02677333462141177,1.4785692164340519e-08
C_clamp_transition,INV_X1,A->ZN,cell_rise,load_low,1e-12,0.026773334225549485,0.026773334225945345,1.47856230542753e-11
C_clamp_transition,INV_X1,A->ZN,cell_rise,load_high,0.001,0.2016751818956608,0.20181801804834165,0.000707747276789894
C_clamp_transition,INV_X1,A->ZN,cell_rise,load_high,1e-06,0.20181787521218897,0.20181801804834165,7.077472768025466e-07
C_clamp_transition,INV_X1,A->ZN,cell_rise,load_high,1e-09,0.20181801790550546,0.20181801804834165,7.077474484371642e-10
C_clamp_transition,INV_X1,A->ZN,cell_rise,load_high,1e-12,0.2018180180481988,0.20181801804834165,7.078552701841673e-13
C_clamp_transition,INV_X1,A->ZN,cell_fall,slew_low,0.001,0.040096190570143256,0.04018093558083335,0.002109085054020393
C_clamp_transition,INV_X1,A->ZN,cell_fall,slew_low,1e-06,0.040096190570143256,0.040096275315153945,2.1135382282607696e-06
C_clamp_transition,INV_X1,A->ZN,cell_fall,slew_low,1e-09,0.040096190570143256,0.040096190654888265,2.1135426641963377e-09
C_clamp_transition,INV_X1,A->ZN,cell_fall,slew_low,1e-12,0.040096190570143256,0.040096190570228,2.113535227242838e-12
C_clamp_transition,INV_X1,A->ZN,cell_fall,slew_high,0.001,0.09427437656353328,0.0943020410645941,0.0002933605757468724
C_clamp_transition,INV_X1,A->ZN,cell_fall,slew_high,1e-06,0.09430201340009303,0.0943020410645941,2.93360575790727e-07
C_clamp_transition,INV_X1,A->ZN,cell_fall,slew_high,1e-09,0.0943020410369296,0.0943020410645941,2.9336051883857814e-10
C_clamp_transition,INV_X1,A->ZN,cell_fall,slew_high,1e-12,0.09430204106456642,0.0943020410645941,2.934433717063167e-13
C_clamp_transition,INV_X1,A->ZN,cell_fall,load_low,0.001,0.00017317101259289478,0.0004958977904505646,0.6507929336899153
C_clamp_transition,INV_X1,A->ZN,cell_fall,load_low,1e-06,0.00017317101259289478,0.00017349373937075257,0.0018601638250941486
C_clamp_transition,INV_X1,A->ZN,cell_fall,load_low,1e-09,0.00017317101259289478,0.00017317133531967268,1.863627010185548e-06
C_clamp_transition,INV_X1,A->ZN,cell_fall,load_low,1e-12,0.00017317101259289478,0.00017317101291562157,1.8636305494767763e-09
C_clamp_transition,INV_X1,A->ZN,cell_fall,load_high,0.001,0.12015653468578348,0.12024193262676514,0.0007102176346976445
C_clamp_transition,INV_X1,A->ZN,cell_fall,load_high,1e-06,0.12024184722882415,0.12024193262676514,7.102176347056081e-07
C_clamp_transition,INV_X1,A->ZN,cell_fall,load_high,1e-09,0.1202419325413672,0.12024193262676514,7.102176158928748e-10
C_clamp_transition,INV_X1,A->ZN,cell_fall,load_high,1e-12,0.12024193262667972,0.12024193262676514,7.103826601177275e-13
C_clamp_transition,INV_X1,A->ZN,rise_transition,slew_low,0.001,0.07213499049057796,0.07213500622753413,2.1815976724400517e-07
C_clamp_transition,INV_X1,A->ZN,rise_transition,slew_low,1e-06,0.07213499049057796,0.07213499050631493,2.1815996889157529e-10
C_clamp_transition,INV_X1,A->ZN,rise_transition,slew_low,1e-09,0.07213499049057796,0.0721349904905937,2.181661253024457e-13
C_clamp_transition,INV_X1,A->ZN,rise_transition,slew_low,1e-12,0.07213499049057796,0.07213499049057798,1.9238635388226917e-16
C_clamp_transition,INV_X1,A->ZN,rise_transition,slew_high,0.001,0.09999916939041385,0.10005021225906141,0.0005101725173295164
C_clamp_transition,INV_X1,A->ZN,rise_transition,slew_high,1e-06,0.10005016121619276,0.10005021225906141,5.101725173937383e-07
C_clamp_transition,INV_X1,A->ZN,rise_transition,slew_high,1e-09,0.10005021220801855,0.10005021225906141,5.101724746716037e-10
C_clamp_transition,INV_X1,A->ZN,rise_transition,slew_high,1e-12,0.10005021225901035,0.10005021225906141,5.103075764871781e-13
C_clamp_transition,INV_X1,A->ZN,rise_transition,load_low,0.001,0.017508815790405488,0.017706999169878862,0.011192375262009445
C_clamp_transition,INV_X1,A->ZN,rise_transition,load_low,1e-06,0.017508815790405488,0.01750901397378496,1.1318934336789122e-05
C_clamp_transition,INV_X1,A->ZN,rise_transition,load_low,1e-09,0.017508815790405488,0.017508815988588864,1.1319062127860512e-08
C_clamp_transition,INV_X1,A->ZN,rise_transition,load_low,1e-12,0.017508815790405488,0.01750881579060367,1.1318969321491812e-11
C_clamp_transition,INV_X1,A->ZN,rise_transition,load_high,0.001,0.14103117574009955,0.14115952536417703,0.0009092523068943109
C_clamp_transition,INV_X1,A->ZN,rise_transition,load_high,1e-06,0.141159397014553,0.14115952536417703,9.092523066292596e-07
C_clamp_transition,INV_X1,A->ZN,rise_transition,load_high,1e-09,0.14115952523582742,0.14115952536417703,9.092521980919313e-10
C_clamp_transition,INV_X1,A->ZN,rise_transition,load_high,1e-12,0.1411595253640487,0.14115952536417703,9.091967496742393e-13
C_clamp_transition,INV_X1,A->ZN,fall_transition,slew_low,0.001,0.03327309522471266,0.03327284171163392,7.619161278076658e-06
C_clamp_transition,INV_X1,A->ZN,fall_transition,slew_low,1e-06,0.03327309522471266,0.03327309497119959,7.619161064945012e-09
C_clamp_transition,INV_X1,A->ZN,fall_transition,slew_low,1e-09,0.03327309522471266,0.03327309522445915,7.619143547275435e-12
C_clamp_transition,INV_X1,A->ZN,fall_transition,slew_low,1e-12,0.03327309522471266,0.03327309522471241,7.507572675569062e-15
C_clamp_transition,INV_X1,A->ZN,fall_transition,slew_high,0.001,0.07131479632045347,0.07135762671104232,0.0006002216239938203
C_clamp_transition,INV_X1,A->ZN,fall_transition,slew_high,1e-06,0.07135758388065172,0.07135762671104232,6.002216240838657e-07
C_clamp_transition,INV_X1,A->ZN,fall_transition,slew_high,1e-09,0.07135762666821194,0.07135762671104232,6.002214494388553e-10
C_clamp_transition,INV_X1,A->ZN,fall_transition,slew_high,1e-12,0.07135762671099949,0.07135762671104232,6.001720509615565e-13
C_clamp_transition,INV_X1,A->ZN,fall_transition,load_low,0.001,0.01630837821740668,0.016434616502506175,0.007681243129722122
C_clamp_transition,INV_X1,A->ZN,fall_transition,load_low,1e-06,0.01630837821740668,0.016308504455691784,7.740641420924096e-06
C_clamp_transition,INV_X1,A->ZN,fall_transition,load_low,1e-09,0.01630837821740668,0.01630837834364497,7.740701406643144e-09
C_clamp_transition,INV_X1,A->ZN,fall_transition,load_low,1e-12,0.01630837821740668,0.016308378217532917,7.740550633729957e-12
C_clamp_transition,INV_X1,A->ZN,fall_transition,load_high,0.001,0.07147278937481791,0.07151826375289784,0.000635842869970254
C_clamp_transition,INV_X1,A->ZN,fall_transition,load_high,1e-06,0.07151821827851977,0.07151826375289784,6.358428698128832e-07
C_clamp_transition,INV_X1,A->ZN,fall_transition,load_high,1e-09,0.07151826370742345,0.07151826375289784,6.358430106898204e-10
C_clamp_transition,INV_X1,A->ZN,fall_transition,load_high,1e-12,0.07151826375285236,0.07151826375289784,6.358866708976178e-13
C_clamp_transition,AND2_X1,A1->ZN,cell_rise,slew_low,0.001,0.09817412619742677,0.0982435333167959,0.0007064802845121935
C_clamp_transition,AND2_X1,A1->ZN,cell_rise,slew_low,1e-06,0.09817412619742677,0.09817419560454614,7.069792519705444e-07
C_clamp_transition,AND2_X1,A1->ZN,cell_rise,slew_low,1e-09,0.09817412619742677,0.09817412626683389,7.069797469086139e-10
C_clamp_transition,AND2_X1,A1->ZN,cell_rise,slew_low,1e-12,0.09817412619742677,0.09817412619749617,7.069359261447661e-13
C_clamp_transition,AND2_X1,A1->ZN,cell_rise,slew_high,0.001,0.12797251770879392,0.12798640003922254,0.00010846723108367286
C_clamp_transition,AND2_X1,A1->ZN,cell_rise,slew_high,1e-06,0.12798638615689212,0.12798640003922254,1.0846723104832411e-07
C_clamp_transition,AND2_X1,A1->ZN,cell_rise,slew_high,1e-09,0.1279864000253402,0.12798640003922254,1.0846730369758862e-10
C_clamp_transition,AND2_X1,A1->ZN,cell_rise,slew_high,1e-12,0.12798640003920866,0.12798640003922254,1.0843173808749592e-13
C_clamp_transition,AND2_X1,A1->ZN,cell_rise,load_low,0.001,0.04343971897497953,0.043672232973635386,0.005324069387434875
C_clamp_transition,AND2_X1,A1->ZN,cell_rise,load_low,1e-06,0.04343971897497953,0.043439951488978175,5.352538174542852e-06
C_clamp_transition,AND2_X1,A1->ZN,cell_rise,load_low,1e-09,0.04343971897497953,0.043439719207493524,5.352566692681318e-09
C_clamp_transition,AND2_X1,A1->ZN,cell_rise,load_low,1e-12,0.04343971897497953,0.04343971897521204,5.352439251846898e-12
C_clamp_transition,AND2_X1,A1->ZN,cell_rise,load_high,0.001,0.19206862945083691,0.19221301009911307,0.0007511491974539382
C_clamp_transition,AND2_X1,A1->ZN,cell_rise,load_high,1e-06,0.1922128657184648,0.19221301009911307,7.511491974239029e-07
C_clamp_transition,AND2_X1,A1->ZN,cell_rise,load_high,1e-09,0.1922130099547324,0.19221301009911307,7.51149331715985e-10
C_clamp_transition,AND2_X1,A1->ZN,cell_rise,load_high,1e-12,0.19221301009896868,0.19221301009911307,7.511692589281595e-13
C_clamp_transition,AND2_X1,A1->ZN,cell_fall,slew_low,0.001,0.06383044995655805,0.06391572834837216,0.0013342317144427105
C_clamp_transition,AND2_X1,A1->ZN,cell_fall,slew_low,1e-06,0.06383044995655805,0.06383053523494989,1.3360124824327055e-06
C_clamp_transition,AND2_X1,A1->ZN,cell_fall,slew_low,1e-09,0.06383044995655805,0.06383045004183645,1.3360143223251944e-09
C_clamp_transition,AND2_X1,A1->ZN,cell_fall,slew_low,1e-12,0.06383044995655805,0.06383044995664333,1.3360238904307486e-12
C_clamp_transition,AND2_X1,A1->ZN,cell_fall,slew_high,0.001,0.1268476578593697,0.12689353938346645,0.000361574941637586
C_clamp_transition,AND2_X1,A1->ZN,cell_fall,slew_high,1e-06,0.12689349350194234,0.12689353938346645,3.615749417244223e-07
C_clamp_transition,AND2_X1,A1->ZN,cell_fall,slew_high,1e-09,0.12689353933758493,0.12689353938346645,3.6157491569540996e-10
C_clamp_transition,AND2_X1,A1->ZN,cell_fall,slew_high,1e-12,0.12689353938342057,0.12689353938346645,3.615626667484421e-13
C_clamp_transition,AND2_X1,A1->ZN,cell_fall,load_low,0.001,0.05592734979939025,0.056103599611112866,0.003141506301633183
C_clamp_transition,AND2_X1,A1->ZN,cell_fall,load_low,1e-06,0.05592734979939025,0.05592752604920197,3.1513965334785825e-06
C_clamp_transition,AND2_X1,A1->ZN,cell_fall,load_low,1e-09,0.05592734979939025,0.05592734997564005,3.151406236019541e-09
C_clamp_transition,AND2_X1,A1->ZN,cell_fall,load_low,1e-12,0.05592734979939025,0.0559273497995665,3.1513723748914296e-12
C_clamp_transition,AND2_X1,A1->ZN,cell_fall,load_high,0.001,0.13910255127714397,0.13917569433829158,0.000525544790671747
C_clamp_transition,AND2_X1,A1->ZN,cell_fall,load_high,1e-06,0.13917562119523041,0.13917569433829158,5.255447907848229e-07
C_clamp_transition,AND2_X1,A1->ZN,cell_fall,load_high,1e-09,0.1391756942651485,0.13917569433829158,5.255448897012721e-10
C_clamp_transition,AND2_X1,A1->ZN,cell_fall,load_high,1e-12,0.13917569433821841,0.13917569433829158,5.256930649468166e-13
C_clamp_transition,AND2_X1,A1->ZN,rise_transition,slew_low,0.001,0.07264193114806512,0.07264241706718469,6.689192612041314e-06
C_clamp_transition,AND2_X1,A1->ZN,rise_transition,slew_low,1e-06,0.07264193114806512,0.07264193163398425,6.689237379184715e-09
C_clamp_transition,AND2_X1,A1->ZN,rise_transition,slew_low,1e-09,0.07264193114806512,0.07264193114855104,6.6892062837526555e-12
C_clamp_transition,AND2_X1,A1->ZN,rise_transition,slew_low,1e-12,0.07264193114806512,0.07264193114806561,6.686531671128905e-15
C_clamp_transition,AND2_X1,A1->ZN,rise_transition,slew_high,0.001,0.0733731771450613,0.0733741563265112,1.3345045434683041e-05
C_clamp_transition,AND2_X1,A1->ZN,rise_transition,slew_high,1e-06,0.07337415534732976,0.0733741563265112,1.334504535770417e-08
C_clamp_transition,AND2_X1,A1->ZN,rise_transition,slew_high,1e-09,0.07337415632553201,0.0733741563265112,1.3345147680968653e-11
C_clamp_transition,AND2_X1,A1->ZN,rise_transition,slew_high,1e-12,0.0733741563265102,0.0733741563265112,1.3617883628075385e-14
C_clamp_transition,AND2_X1,A1->ZN,rise_transition,load_low,0.001,0.008908623665522265,0.009024191974141636,0.012806499346481814
C_clamp_transition,AND2_X1,A1->ZN,rise_transition,load_low,1e-06,0.008908623665522265,0.008908739233830886,1.2972465080352075e-05
C_clamp_transition,AND2_X1,A1->ZN,rise_transition,load_low,1e-09,0.008908623665522265,0.008908623781090573,1.297263317378209e-08
C_clamp_transition,AND2_X1,A1->ZN,rise_transition,load_low,1e-12,0.008908623665522265,0.008908623665637834,1.2972712399876241e-11
C_clamp_transition,AND2_X1,A1->ZN,rise_transition,load_high,0.001,0.14128193203765757,0.14141896601264095,0.0009689929070131332
C_clamp_transition,AND2_X1,A1->ZN,rise_transition,load_high,1e-06,0.14141882897866598,0.14141896601264095,9.68992906938945e-07
C_clamp_transition,AND2_X1,A1->ZN,rise_transition,load_high,1e-09,0.14141896587560698,0.14141896601264095,9.68992854143694e-10
C_clamp_transition,AND2_X1,A1->ZN,rise_transition,load_high,1e-12,0.14141896601250392,0.14141896601264095,9.689596853799041e-13
C_clamp_transition,AND2_X1,A1->ZN,fall_transition,slew_low,0.001,0.034294195818731076,0.034294179409630664,4.784803964647147e-07
C_clamp_transition,AND2_X1,A1->ZN,fall_transition,slew_low,1e-06,0.034294195818731076,0.03429419580232198,4.784802766827781e-10
C_clamp_transition,AND2_X1,A1->ZN,fall_transition,slew_low,1e-09,0.034294195818731076,0.03429419581871468,4.781160748483611e-13
C_clamp_transition,AND2_X1,A1->ZN,fall_transition,slew_low,1e-12,0.034294195818731076,0.03429419581873107,2.0233435245381343e-16
C_clamp_transition,AND2_X1,A1->ZN,fall_transition,slew_high,0.001,0.03753323173143684,0.03753774454469158,0.0001202206821288013
C_clamp_transition,AND2_X1,A1->ZN,fall_transition,slew_high,1e-06,0.03753774003187833,0.03753774454469158,1.2022068195171392e-07
C_clamp_transition,AND2_X1,A1->ZN,fall_transition,slew_high,1e-09,0.03753774454017877,0.03753774454469158,1.2022069489129192e-10
C_clamp_transition,AND2_X1,A1->ZN,fall_transition,slew_high,1e-12,0.03753774454468707,0.03753774454469158,1.2015322423460635e-13
C_clamp_transition,AND2_X1,A1->ZN,fall_transition,load_low,0.001,0.008497538163611512,0.00855787208700713,0.007050108108909341
C_clamp_transition,AND2_X1,A1->ZN,fall_transition,load_low,1e-06,0.008497538163611512,0.00849759849753491,7.1001146282399205e-06
C_clamp_transition,AND2_X1,A1->ZN,fall_transition,load_low,1e-09,0.008497538163611512,0.008497538223945438,7.100165220292087e-09
C_clamp_transition,AND2_X1,A1->ZN,fall_transition,load_low,1e-12,0.008497538163611512,0.008497538163671848,7.100340834700995e-12
C_clamp_transition,AND2_X1,A1->ZN,fall_transition,load_high,0.001,0.06593356106818377,0.06599473233330899,0.0009269113300782583
C_clamp_transition,AND2_X1,A1->ZN,fall_transition,load_high,1e-06,0.06599467116204386,0.06599473233330899,9.269113302506932e-07
C_clamp_transition,AND2_X1,A1->ZN,fall_transition,load_high,1e-09,0.06599473227213772,0.06599473233330899,9.269115005825927e-10
C_clamp_transition,AND2_X1,A1->ZN,fall_transition,load_high,1e-12,0.06599473233324782,0.06599473233330899,9.269419920954906e-13
C_clamp_transition,AND2_X1,A2->ZN,cell_rise,slew_low,0.001,0.09949326463514116,0.09956635772137686,0.00073411429230179
C_clamp_transition,AND2_X1,A2->ZN,cell_rise,slew_low,1e-06,0.09949326463514116,0.0994933377282274,7.346530723095654e-07
C_clamp_transition,AND2_X1,A2->ZN,cell_rise,slew_low,1e-09,0.09949326463514116,0.09949326470823425,7.346536205518878e-10
C_clamp_transition,AND2_X1,A2->ZN,cell_rise,slew_low,1e-12,0.09949326463514116,0.09949326463521424,7.34526411047981e-13
C_clamp_transition,AND2_X1,A2->ZN,cell_rise,slew_high,0.001,0.12492387686664141,0.12493548643249792,9.292448597286872e-05
C_clamp_transition,AND2_X1,A2->ZN,cell_rise,slew_high,1e-06,0.12493547482293206,0.12493548643249792,9.292448603451792e-08
C_clamp_transition,AND2_X1,A2->ZN,cell_rise,slew_high,1e-09,0.12493548642088834,0.12493548643249792,9.29246655392026e-11
C_clamp_transition,AND2_X1,A2->ZN,cell_rise,slew_high,1e-12,0.12493548643248632,0.12493548643249792,9.286257202513317e-14
C_clamp_transition,AND2_X1,A2->ZN,cell_rise,load_low,0.001,0.04162040785469057,0.04184191212994968,0.005293837302921819
C_clamp_transition,AND2_X1,A2->ZN,cell_rise,load_low,1e-06,0.04162040785469057,0.04162062935896583,5.321982840401703e-06
C_clamp_transition,AND2_X1,A2->ZN,cell_rise,load_low,1e-09,0.04162040785469057,0.04162040807619484,5.3220109209965064e-09
C_clamp_transition,AND2_X1,A2->ZN,cell_rise,load_low,1e-12,0.04162040785469057,0.04162040785491208,5.32198944259948e-12
C_clamp_transition,AND2_X1,A2->ZN,cell_rise,load_high,0.001,0.19018847802282446,0.1903330020695329,0.0007593220573258849
C_clamp_transition,AND2_X1,A2->ZN,cell_rise,load_high,1e-06,0.1903328575454862,0.1903330020695329,7.593220572940949e-07
C_clamp_transition,AND2_X1,A2->ZN,cell_rise,load_high,1e-09,0.19033300192500888,0.1903330020695329,7.593219781103621e-10
C_clamp_transition,AND2_X1,A2->ZN,cell_rise,load_high,1e-12,0.1903330020693884,0.1903330020695329,7.591722144022962e-13
C_clamp_transition,AND2_X1,A2->ZN,cell_fall,slew_low,0.001,0.06642545354312335,0.0665128831001962,0.0013144755271116532
C_clamp_transition,AND2_X1,A2->ZN,cell_fall,slew_low,1e-06,0.06642545354312335,0.06642554097268043,1.316203914939069e-06
C_clamp_transition,AND2_X1,A2->ZN,cell_fall,slew_low,1e-09,0.06642545354312335,0.0664254536305529,1.3162055346637226e-09
C_clamp_transition,AND2_X1,A2->ZN,cell_fall,slew_low,1e-12,0.06642545354312335,0.06642545354321079,1.3164221892765136e-12
C_clamp_transition,AND2_X1,A2->ZN,cell_fall,slew_high,0.001,0.13356473065414845,0.1336138935830194,0.0003679477302290953
C_clamp_transition,AND2_X1,A2->ZN,cell_fall,slew_high,1e-06,0.13361384442009053,0.1336138935830194,3.679477301981436e-07
C_clamp_transition,AND2_X1,A2->ZN,cell_fall,slew_high,1e-09,0.1336138935338565,0.1336138935830194,3.6794748403843503e-10
C_clamp_transition,AND2_X1,A2->ZN,cell_fall,slew_high,1e-12,0.13361389358297024,0.1336138935830194,3.6788931971911183e-13
C_clamp_transition,AND2_X1,A2->ZN,cell_fall,load_low,0.001,0.061079734860826504,0.06125477780401312,0.0028576210617672236
C_clamp_transition,AND2_X1,A2->ZN,cell_fall,load_low,1e-06,0.061079734860826504,0.061079909903769686,2.865802249178193e-06
C_clamp_transition,AND2_X1,A2->ZN,cell_fall,load_low,1e-09,0.061079734860826504,0.06107973503586944,2.8658103767879717e-09
C_clamp_transition,AND2_X1,A2->ZN,cell_fall,load_low,1e-12,0.061079734860826504,0.06107973486100155,2.8658846819198083e-12
C_clamp_transition,AND2_X1,A2->ZN,cell_fall,load_high,0.001,0.14405533655310238,0.1441285635146305,0.0005080669628729313
C_clamp_transition,AND2_X1,A2->ZN,cell_fall,load_high,1e-06,0.144128490287669,0.1441285635146305,5.080669626395303e-07
C_clamp_transition,AND2_X1,A2->ZN,cell_fall,load_high,1e-09,0.14412856344140354,0.1441285635146305,5.0806689870459e-10
C_clamp_transition,AND2_X1,A2->ZN,cell_fall,load_high,1e-12,0.14412856351455727,0.1441285635146305,5.080131702457201e-13
C_clamp_transition,AND2_X1,A2->ZN,rise_transition,slew_low,0.001,0.07264506072210428,0.07264518915348606,1.7679268686077024e-06
C_clamp_transition,AND2_X1,A2->ZN,rise_transition,slew_low,1e-06,0.07264506072210428,0.07264506085053567,1.7679301114054491e-09
C_clamp_transition,AND2_X1,A2->ZN,rise_transition,slew_low,1e-09,0.07264506072210428,0.07264506072223272,1.7680338468216684e-12
C_clamp_transition,AND2_X1,A2->ZN,rise_transition,slew_low,1e-12,0.07264506072210428,0.07264506072210442,1.9103553180170622e-15
C_clamp_transition,AND2_X1,A2->ZN,rise_transition,slew_high,0.001,0.07332238892448875,0.07332358012412549,1.6245792072874653e-05
C_clamp_transition,AND2_X1,A2->ZN,rise_transition,slew_high,1e-06,0.07332357893292586,0.07332358012412549,1.624579191351122e-08
C_clamp_transition,AND2_X1,A2->ZN,rise_transition,slew_high,1e-09,0.07332358012293429,0.07332358012412549,1.624579588813362e-11
C_clamp_transition,AND2_X1,A2->ZN,rise_transition,slew_high,1e-12,0.07332358012412432,0.07332358012412549,1.5898489597521107e-14
C_clamp_transition,AND2_X1,A2->ZN,rise_transition,load_low,0.001,0.007721228647556583,0.007842276360297731,0.015435277613265934
C_clamp_transition,AND2_X1,A2->ZN,rise_transition,load_low,1e-06,0.007721228647556583,0.007721349695269323,1.567701470816691e-05
C_clamp_transition,AND2_X1,A2->ZN,rise_transition,load_low,1e-09,0.007721228647556583,0.007721228768604296,1.567726022368776e-08
C_clamp_transition,AND2_X1,A2->ZN,rise_transition,load_low,1e-12,0.007721228647556583,0.00772122864767763,1.5677203066197745e-11
C_clamp_transition,AND2_X1,A2->ZN,rise_transition,load_high,0.001,0.1412565051393796,0.1413936787364431,0.0009701536751101221
C_clamp_transition,AND2_X1,A2->ZN,rise_transition,load_high,1e-06,0.141393541562846,0.1413936787364431,9.701536753138814e-07
C_clamp_transition,AND2_X1,A2->ZN,rise_transition,load_high,1e-09,0.14139367859926946,0.1413936787364431,9.701539332520487e-10
C_clamp_transition,AND2_X1,A2->ZN,rise_transition,load_high,1e-12,0.1413936787363059,0.1413936787364431,9.703107769321558e-13
C_clamp_transition,AND2_X1,A2->ZN,fall_transition,slew_low,0.001,0.03440636767614325,0.03440633947764607,8.195720469109448e-07
C_clamp_transition,AND2_X1,A2->ZN,fall_transition,slew_low,1e-06,0.03440636767614325,0.034406367647944754,8.195721023714876e-10
C_clamp_transition,AND2_X1,A2->ZN,fall_transition,slew_low,1e-09,0.03440636767614325,0.03440636767611505,8.196059837212083e-13
C_clamp_transition,AND2_X1,A2->ZN,fall_transition,slew_low,1e-12,0.03440636767614325,0.03440636767614321,1.2100482043128076e-15
C_clamp_transition,AND2_X1,A2->ZN,fall_transition,slew_high,0.001,0.03707172654696603,0.03707518798155087,9.336256330152678e-05
C_clamp_transition,AND2_X1,A2->ZN,fall_transition,slew_high,1e-06,0.03707518452011629,0.03707518798155087,9.33625632627852e-08
C_clamp_transition,AND2_X1,A2->ZN,fall_transition,slew_high,1e-09,0.03707518797808943,0.03707518798155087,9.336269502155904e-11
C_clamp_transition,AND2_X1,A2->ZN,fall_transition,slew_high,1e-12,0.03707518798154741,0.03707518798155087,9.339151725333663e-14
C_clamp_transition,AND2_X1,A2->ZN,fall_transition,load_low,0.001,0.008341830193789479,0.008400605598596208,0.006996567582764544
C_clamp_transition,AND2_X1,A2->ZN,fall_transition,load_low,1e-06,0.008341830193789479,0.008341888969194284,7.045814805537305e-06
C_clamp_transition,AND2_X1,A2->ZN,fall_transition,load_low,1e-09,0.008341830193789479,0.008341830252564884,7.045864384984365e-09
C_clamp_transition,AND2_X1,A2->ZN,fall_transition,load_low,1e-12,0.008341830193789479,0.008341830193848257,7.046131864428043e-12
C_clamp_transition,AND2_X1,A2->ZN,fall_transition,load_high,0.001,0.06597201540753433,0.06603335692741832,0.0009289474704642696
C_clamp_transition,AND2_X1,A2->ZN,fall_transition,load_high,1e-06,0.06603329558589845,0.06603335692741832,9.289474703654929e-07
C_clamp_transition,AND2_X1,A2->ZN,fall_transition,load_high,1e-09,0.06603335686607681,0.06603335692741832,9.289473995404627e-10
C_clamp_transition,AND2_X1,A2->ZN,fall_transition,load_high,1e-12,0.06603335692735698,0.06603335692741832,9.28921759618591e-13
C_clamp_transition,NAND2_X1,A1->ZN,cell_rise,slew_low,0.001,0.07867553622013315,0.07877157689096782,0.0012192300144963006
C_clamp_transition,NAND2_X1,A1->ZN,cell_rise,slew_low,1e-06,0.07867553622013315,0.078675632260804,1.2207168609501302e-06
C_clamp_transition,NAND2_X1,A1->ZN,cell_rise,slew_low,1e-09,0.07867553622013315,0.07867553631617383,1.2207184076446384e-09
C_clamp_transition,NAND2_X1,A1->ZN,cell_rise,slew_low,1e-12,0.07867553622013315,0.07867553622022921,1.2209900538433445e-12
C_clamp_transition,NAND2_X1,A1->ZN,cell_rise,slew_high,0.001,0.17491942326484347,0.17500305389454957,0.00047788097318854096
C_clamp_transition,NAND2_X1,A1->ZN,cell_rise,slew_high,1e-06,0.1750029702639199,0.17500305389454957,4.778809729904489e-07
C_clamp_transition,NAND2_X1,A1->ZN,cell_rise,slew_high,1e-09,0.17500305381091896,0.17500305389454957,4.778808174033373e-10
C_clamp_transition,NAND2_X1,A1->ZN,cell_rise,slew_high,1e-12,0.17500305389446594,0.17500305389454957,4.778633713459699e-13
C_clamp_transition,NAND2_X1,A1->ZN,cell_rise,load_low,0.001,0.02930419137035912,0.029674622882719225,0.012483107664893845
C_clamp_transition,NAND2_X1,A1->ZN,cell_rise,load_low,1e-06,0.02930419137035912,0.02930456180187148,1.2640745658119559e-05
C_clamp_transition,NAND2_X1,A1->ZN,cell_rise,load_low,1e-09,0.02930419137035912,0.029304191740790634,1.2640905389906398e-08
C_clamp_transition,NAND2_X1,A1->ZN,cell_rise,load_low,1e-12,0.02930419137035912,0.029304191370729555,1.2641069525537193e-11
C_clamp_transition,NAND2_X1,A1->ZN,cell_rise,load_high,0.001,0.19980101029722058,0.19994105852514543,0.0007004475666874412
C_clamp_transition,NAND2_X1,A1->ZN,cell_rise,load_high,1e-06,0.1999409184769175,0.19994105852514543,7.004475667193695e-07
C_clamp_transition,NAND2_X1,A1->ZN,cell_rise,load_high,1e-09,0.19994105838509718,0.19994105852514543,7.004476809672328e-10
C_clamp_transition,NAND2_X1,A1->ZN,cell_rise,load_high,1e-12,0.19994105852500538,0.19994105852514543,7.004796092887026e-13
C_clamp_transition,NAND2_X1,A1->ZN,cell_fall,slew_low,0.001,0.0683020623814761,0.06837712569811306,0.0010977840304135262
C_clamp_transition,NAND2_X1,A1->ZN,cell_fall,slew_low,1e-06,0.0683020623814761,0.06830213744479274,1.0989892769669716e-06
C_clamp_transition,NAND2_X1,A1->ZN,cell_fall,slew_low,1e-09,0.0683020623814761,0.06830206245653941,1.098990483944315e-09
C_clamp_transition,NAND2_X1,A1->ZN,cell_fall,slew_low,1e-12,0.0683020623814761,0.06830206238155116,1.0990144606928288e-12
C_clamp_transition,NAND2_X1,A1->ZN,cell_fall,slew_high,0.001,0.13442353936318338,0.1344694663260149,0.0003415419432108319
C_clamp_transition,NAND2_X1,A1->ZN,cell_fall,slew_high,1e-06,0.13446942039905208,0.1344694663260149,3.415419430964819e-07
C_clamp_transition,NAND2_X1,A1->ZN,cell_fall,slew_high,1e-09,0.13446946628008793,0.1344694663260149,3.415418974803106e-10
C_clamp_transition,NAND2_X1,A1->ZN,cell_fall,slew_high,1e-12,0.13446946632596896,0.1344694663260149,3.4160526474089997e-13
C_clamp_transition,NAND2_X1,A1->ZN,cell_fall,load_low,0.001,0.012151883221308925,0.012503349691705188,0.028109784902635243
C_clamp_transition,NAND2_X1,A1->ZN,cell_fall,load_low,1e-06,0.012151883221308925,0.012152234687779321,2.8921962044528913e-05
C_clamp_transition,NAND2_X1,A1->ZN,cell_fall,load_low,1e-09,0.012151883221308925,0.012151883572775395,2.8922797721504235e-08
C_clamp_transition,NAND2_X1,A1->ZN,cell_fall,load_low,1e-12,0.012151883221308925,0.012151883221660392,2.892285194699309e-11
C_clamp_transition,NAND2_X1,A1->ZN,cell_fall,load_high,0.001,0.16987297104113602,0.16999730239670596,0.0007313725207227116
C_clamp_transition,NAND2_X1,A1->ZN,cell_fall,load_high,1e-06,0.16999717806535042,0.16999730239670596,7.313725205721761e-07
C_clamp_transition,NAND2_X1,A1->ZN,cell_fall,load_high,1e-09,0.1699973022723746,0.16999730239670596,7.313724924896186e-10
C_clamp_transition,NAND2_X1,A1->ZN,cell_fall,load_high,1e-12,0.16999730239658165,0.16999730239670596,7.312893877121358e-13
C_clamp_transition,NAND2_X1,A1->ZN,rise_transition,slew_low,0.001,0.07210123655081137,0.07210014574362286,1.5128827752309373e-05
C_clamp_transition,NAND2_X1,A1->ZN,rise_transition,slew_low,1e-06,0.07210123655081137,0.07210123546000419,1.512882764394515e-08
C_clamp_transition,NAND2_X1,A1->ZN,rise_transition,slew_low,1e-09,0.07210123655081137,0.07210123654972056,1.5128839000053863e-11
C_clamp_transition,NAND2_X1,A1->ZN,rise_transition,slew_low,1e-12,0.07210123655081137,0.07210123655081029,1.501316067230953e-14
C_clamp_transition,NAND2_X1,A1->ZN,rise_transition,slew_high,0.001,0.10081230030264997,0.10086485164274354,0.0005210074593646306
C_clamp_transition,NAND2_X1,A1->ZN,rise_transition,slew_high,1e-06,0.10086479909140345,0.10086485164274354,5.210074594180147e-07
C_clamp_transition,NAND2_X1,A1->ZN,rise_transition,slew_high,1e-09,0.10086485159019219,0.10086485164274354,5.210075789819402e-10
C_clamp_transition,NAND2_X1,A1->ZN,rise_transition,slew_high,1e-12,0.10086485164269099,0.10086485164274354,5.21045553255164e-13
C_clamp_transition,NAND2_X1,A1->ZN,rise_transition,load_low,0.001,0.02081105003765758,0.020989564492492365,0.008504914663600446
C_clamp_transition,NAND2_X1,A1->ZN,rise_transition,load_low,1e-06,0.02081105003765758,0.020811228552112416,8.577795125806443e-06
C_clamp_transition,NAND2_X1,A1->ZN,rise_transition,load_low,1e-09,0.02081105003765758,0.020811050216172036,8.577868720451062e-09
C_clamp_transition,NAND2_X1,A1->ZN,rise_transition,load_low,1e-12,0.02081105003765758,0.020811050037836093,8.577820614256277e-12
C_clamp_transition,NAND2_X1,A1->ZN,rise_transition,load_high,0.001,0.1394619673744203,0.13958694722614154,0.0008953548609295785
C_clamp_transition,NAND2_X1,A1->ZN,rise_transition,load_high,1e-06,0.13958682224628982,0.13958694722614154,8.953548609047234e-07
C_clamp_transition,NAND2_X1,A1->ZN,rise_transition,load_high,1e-09,0.1395869471011617,0.13958694722614154,8.953547199266198e-10
C_clamp_transition,NAND2_X1,A1->ZN,rise_transition,load_high,1e-12,0.13958694722601658,0.13958694722614154,8.951811319372415e-13
C_clamp_transition,NAND2_X1,A1->ZN,fall_transition,slew_low,0.001,0.056854721479904585,0.056854624816090965,1.7001897310205642e-06
C_clamp_transition,NAND2_X1,A1->ZN,fall_transition,slew_low,1e-06,0.056854721479904585,0.056854721383240776,1.7001896480292536e-09
C_clamp_transition,NAND2_X1,A1->ZN,fall_transition,slew_low,1e-09,0.056854721479904585,0.056854721479807906,1.7004675468740272e-12
C_clamp_transition,NAND2_X1,A1->ZN,fall_transition,slew_low,1e-12,0.056854721479904585,0.05685472147990449,1.708644631898111e-15
C_clamp_transition,NAND2_X1,A1->ZN,fall_transition,slew_high,0.001,0.08967821981931298,0.08972684173109062,0.0005418881445014748
C_clamp_transition,NAND2_X1,A1->ZN,fall_transition,slew_high,1e-06,0.08972679310917885,0.08972684173109062,5.418881444672934e-07
C_clamp_transition,NAND2_X1,A1->ZN,fall_transition,slew_high,1e-09,0.08972684168246872,0.08972684173109062,5.418879928935637e-10
C_clamp_transition,NAND2_X1,A1->ZN,fall_transition,slew_high,1e-12,0.08972684173104198,0.08972684173109062,5.421080841357106e-13
C_clamp_transition,NAND2_X1,A1->ZN,fall_transition,load_low,0.001,0.019636155350336595,0.019787834321550693,0.007665263856030259
C_clamp_transition,NAND2_X1,A1->ZN,fall_transition,load_low,1e-06,0.019636155350336595,0.019636307029307805,7.724414320016947e-06
C_clamp_transition,NAND2_X1,A1->ZN,fall_transition,load_low,1e-09,0.019636155350336595,0.019636155502015567,7.724473940461742e-09
C_clamp_transition,NAND2_X1,A1->ZN,fall_transition,load_low,1e-12,0.019636155350336595,0.019636155350488276,7.724564640332627e-12
C_clamp_transition,NAND2_X1,A1->ZN,fall_transition,load_high,0.001,0.11107842675479841,0.11116992657060365,0.0008230626629687163
C_clamp_transition,NAND2_X1,A1->ZN,fall_transition,load_high,1e-06,0.11116983507078784,0.11116992657060365,8.230626629888146e-07
C_clamp_transition,NAND2_X1,A1->ZN,fall_transition,load_high,1e-09,0.11116992647910381,0.11116992657060365,8.230628400034419e-10
C_clamp_transition,NAND2_X1,A1->ZN,fall_transition,load_high,1e-12,0.11116992657051215,0.11116992657060365,8.230306328286701e-13
C_clamp_transition,NAND2_X1,A2->ZN,cell_rise,slew_low,0.001,0.08083631200431964,0.08092890397713394,0.001144114998029205
C_clamp_transition,NAND2_X1,A2->ZN,cell_rise,slew_low,1e-06,0.08083631200431964,0.08083640459629247,1.1454241848257308e-06
C_clamp_transition,NAND2_X1,A2->ZN,cell_rise,slew_low,1e-09,0.08083631200431964,0.08083631209691161,1.145425531564103e-09
C_clamp_transition,NAND2_X1,A2->ZN,cell_rise,slew_low,1e-12,0.08083631200431964,0.08083631200441223,1.1454332583688893e-12
C_clamp_transition,NAND2_X1,A2->ZN,cell_rise,slew_high,0.001,0.17860161007143782,0.17868792525196778,0.0004830498782066139
C_clamp_transition,NAND2_X1,A2->ZN,cell_rise,slew_high,1e-06,0.17868783893678722,0.17868792525196778,4.830498783667591e-07
C_clamp_transition,NAND2_X1,A2->ZN,cell_rise,slew_high,1e-09,0.17868792516565257,0.17868792525196778,4.830500150570615e-10
C_clamp_transition,NAND2_X1,A2->ZN,cell_rise,slew_high,1e-12,0.17868792525188143,0.17868792525196778,4.83231285037659e-13
C_clamp_transition,NAND2_X1,A2->ZN,cell_rise,load_low,0.001,0.03652863091744935,0.03685641905801933,0.008893651335306643
C_clamp_transition,NAND2_X1,A2->ZN,cell_rise,load_low,1e-06,0.03652863091744935,0.03652895870558992,8.973377621024064e-06
C_clamp_transition,NAND2_X1,A2->ZN,cell_rise,load_low,1e-09,0.03652863091744935,0.036528631245237496,8.97345815257958e-09
C_clamp_transition,NAND2_X1,A2->ZN,cell_rise,load_low,1e-12,0.03652863091744935,0.03652863091777714,8.973410743602548e-12
C_clamp_transition,NAND2_X1,A2->ZN,cell_rise,load_high,0.001,0.20213734286962126,0.20227702163398142,0.0006905320398325334
C_clamp_transition,NAND2_X1,A2->ZN,cell_rise,load_high,1e-06,0.20227688195521704,0.20227702163398142,6.905320399708468e-07
C_clamp_transition,NAND2_X1,A2->ZN,cell_rise,load_high,1e-09,0.20227702149430266,0.20227702163398142,6.905320605531962e-10
C_clamp_transition,NAND2_X1,A2->ZN,cell_rise,load_high,1e-12,0.20227702163384173,0.20227702163398142,6.906064314424953e-13
C_clamp_transition,NAND2_X1,A2->ZN,cell_fall,slew_low,0.001,0.06960016792666048,0.06967902771349191,0.0011317578533915785
C_clamp_transition,NAND2_X1,A2->ZN,cell_fall,slew_low,1e-06,0.06960016792666048,0.06960024678644731,1.1330388968517332e-06
C_clamp_transition,NAND2_X1,A2->ZN,cell_fall,slew_low,1e-09,0.06960016792666048,0.06960016800552024,1.1330398790606592e-09
C_clamp_transition,NAND2_X1,A2->ZN,cell_fall,slew_low,1e-12,0.06960016792666048,0.06960016792673933,1.1329511504484084e-12
C_clamp_transition,NAND2_X1,A2->ZN,cell_fall,slew_high,0.001,0.12313291661309436,0.12317420698150844,0.0003352192754143336
C_clamp_transition,NAND2_X1,A2->ZN,cell_fall,slew_high,1e-06,0.12317416569114002,0.12317420698150844,3.352192754303324e-07
C_clamp_transition,NAND2_X1,A2->ZN,cell_fall,slew_high,1e-09,0.12317420694021808,0.12317420698150844,3.3521920726621083e-10
C_clamp_transition,NAND2_X1,A2->ZN,cell_fall,slew_high,1e-12,0.12317420698146717,0.12317420698150844,3.350745415932432e-13
C_clamp_transition,NAND2_X1,A2->ZN,cell_fall,load_low,0.001,0.01350204226481794,0.013826651746994253,0.023477085278211258
C_clamp_transition,NAND2_X1,A2->ZN,cell_fall,load_low,1e-06,0.01350204226481794,0.013502366874300117,2.4040931874977134e-05
C_clamp_transition,NAND2_X1,A2->ZN,cell_fall,load_low,1e-09,0.01350204226481794,0.013502042589427424,2.404150936721857e-08
C_clamp_transition,NAND2_X1,A2->ZN,cell_fall,load_low,1e-12,0.01350204226481794,0.01350204226514255,2.4041557867152247e-11
C_clamp_transition,NAND2_X1,A2->ZN,cell_fall,load_high,0.001,0.16325409041303196,0.16337956727673614,0.0007680082999096291
C_clamp_transition,NAND2_X1,A2->ZN,cell_fall,load_high,1e-06,0.1633794417998724,0.16337956727673614,7.680083000839301e-07
C_clamp_transition,NAND2_X1,A2->ZN,cell_fall,load_high,1e-09,0.16337956715125926,0.16337956727673614,7.680083928405981e-10
C_clamp_transition,NAND2_X1,A2->ZN,cell_fall,load_high,1e-12,0.16337956727661065,0.16337956727673614,7.680455974382178e-13
C_clamp_transition,NAND2_X1,A2->ZN,rise_transition,slew_low,0.001,0.07362483044558331,0.07362492500965773,1.2844029981125089e-06
C_clamp_transition,NAND2_X1,A2->ZN,rise_transition,slew_low,1e-06,0.07362483044558331,0.0736248305401474,1.2844048940246927e-09
C_clamp_transition,NAND2_X1,A2->ZN,rise_transition,slew_low,1e-09,0.07362483044558331,0.07362483044567789,1.2845818908885194e-12
C_clamp_transition,NAND2_X1,A2->ZN,rise_transition,slew_low,1e-12,0.07362483044558331,0.0736248304455834,1.3194531527852054e-15
C_clamp_transition,NAND2_X1,A2->ZN,rise_transition,slew_high,0.001,0.10118858892697423,0.10124007214418568,0.0005085260818278166
C_clamp_transition,NAND2_X1,A2->ZN,rise_transition,slew_high,1e-06,0.10124002066096846,0.10124007214418568,5.085260818841556e-07
C_clamp_transition,NAND2_X1,A2->ZN,rise_transition,slew_high,1e-09,0.10124007209270246,0.10124007214418568,5.085261139604104e-10
C_clamp_transition,NAND2_X1,A2->ZN,rise_transition,slew_high,1e-12,0.1012400721441342,0.10124007214418568,5.084223459054494e-13
C_clamp_transition,NAND2_X1,A2->ZN,rise_transition,load_low,0.001,0.02021622209054351,0.02041551970792947,0.009762064362659913
C_clamp_transition,NAND2_X1,A2->ZN,rise_transition,load_low,1e-06,0.02021622209054351,0.02021642138816089,9.858204553362685e-06
C_clamp_transition,NAND2_X1,A2->ZN,rise_transition,load_low,1e-09,0.02021622209054351,0.02021622228984113,9.858301774506432e-09
C_clamp_transition,NAND2_X1,A2->ZN,rise_transition,load_low,1e-12,0.02021622209054351,0.020216222090742808,9.858365713111362e-12
C_clamp_transition,NAND2_X1,A2->ZN,rise_transition,load_high,0.001,0.14101980088792726,0.14114572724282698,0.0008921726315035776
C_clamp_transition,NAND2_X1,A2->ZN,rise_transition,load_high,1e-06,0.14114560131647208,0.14114572724282698,8.921726314996448e-07
C_clamp_transition,NAND2_X1,A2->ZN,rise_transition,load_high,1e-09,0.14114572711690063,0.14114572724282698,8.921726157680594e-10
C_clamp_transition,NAND2_X1,A2->ZN,rise_transition,load_high,1e-12,0.14114572724270108,0.14114572724282698,8.919808870720948e-13
C_clamp_transition,NAND2_X1,A2->ZN,fall_transition,slew_low,0.001,0.05685190176369346,0.056852021941896314,2.113877374095179e-06
C_clamp_transition,NAND2_X1,A2->ZN,fall_transition,slew_low,1e-06,0.05685190176369346,0.05685190188387167,2.113881922695785e-09
C_clamp_transition,NAND2_X1,A2->ZN,fall_transition,slew_low,1e-09,0.05685190176369346,0.05685190176381364,2.113942342948483e-12
C_clamp_transition,NAND2_X1,A2->ZN,fall_transition,slew_low,1e-12,0.05685190176369346,0.056851901763693584,2.1969377698125317e-15
C_clamp_transition,NAND2_X1,A2->ZN,fall_transition,slew_high,0.001,0.07381378053130747,0.07384074941597257,0.00036523037588881245
C_clamp_transition,NAND2_X1,A2->ZN,fall_transition,slew_high,1e-06,0.0738407224470879,0.07384074941597257,3.6523037591625204e-07
C_clamp_transition,NAND2_X1,A2->ZN,fall_transition,slew_high,1e-09,0.07384074938900369,0.07384074941597257,3.652303866289535e-10
C_clamp_transition,NAND2_X1,A2->ZN,fall_transition,slew_high,1e-12,0.0738407494159456,0.07384074941597257,3.653595028730244e-13
C_clamp_transition,NAND2_X1,A2->ZN,fall_transition,load_low,0.001,0.015204074455301086,0.015320110436287688,0.00757409559605752
C_clamp_transition,NAND2_X1,A2->ZN,fall_transition,load_low,1e-06,0.015204074455301086,0.015204190491282073,7.631842093367532e-06
C_clamp_transition,NAND2_X1,A2->ZN,fall_transition,load_low,1e-09,0.015204074455301086,0.01520407457133707,7.631900406770018e-09
C_clamp_transition,NAND2_X1,A2->ZN,fall_transition,load_low,1e-12,0.015204074455301086,0.015204074455417124,7.631992882685546e-12
C_clamp_transition,NAND2_X1,A2->ZN,fall_transition,load_high,0.001,0.11052802574625978,0.110627280963219,0.0008972038008619316
C_clamp_transition,NAND2_X1,A2->ZN,fall_transition,load_high,1e-06,0.11062718170800204,0.110627280963219,8.972038008877736e-07
C_clamp_transition,NAND2_X1,A2->ZN,fall_transition,load_high,1e-09,0.11062728086396377,0.110627280963219,8.972039100260919e-10
C_clamp_transition,NAND2_X1,A2->ZN,fall_transition,load_high,1e-12,0.11062728096311975,0.110627280963219,8.971922435162139e-13
C_clamp_transition,DFF_X1,CK->Q,cell_rise,slew_low,0.001,0.15193931839683844,0.15202187513474735,0.0005430582791834161
C_clamp_transition,DFF_X1,CK->Q,cell_rise,slew_low,1e-06,0.15193931839683844,0.15193940095357636,5.433530565475332e-07
C_clamp_transition,DFF_X1,CK->Q,cell_rise,slew_low,1e-09,0.15193931839683844,0.15193931847939518,5.433533600707486e-10
C_clamp_transition,DFF_X1,CK->Q,cell_rise,slew_low,1e-12,0.15193931839683844,0.151939318396921,5.434593120971202e-13
C_clamp_transition,DFF_X1,CK->Q,cell_rise,slew_high,0.001,0.17442756472398754,0.17443233043754322,2.7321274351620698e-05
C_clamp_transition,DFF_X1,CK->Q,cell_rise,slew_high,1e-06,0.17443232567182967,0.17443233043754322,2.732127429624713e-08
C_clamp_transition,DFF_X1,CK->Q,cell_rise,slew_high,1e-09,0.17443233043277753,0.17443233043754322,2.7321126951641028e-11
C_clamp_transition,DFF_X1,CK->Q,cell_rise,slew_high,1e-12,0.17443233043753845,0.17443233043754322,2.7368544546261878e-14
C_clamp_transition,DFF_X1,CK->Q,cell_rise,load_low,0.001,0.1017726567172356,0.10191011033850542,0.0013487731571799496
C_clamp_transition,DFF_X1,CK->Q,cell_rise,load_low,1e-06,0.1017726567172356,0.10177279417085687,1.350592979160504e-06
C_clamp_transition,DFF_X1,CK->Q,cell_rise,load_low,1e-09,0.1017726567172356,0.10177265685468921,1.3505947685773349e-09
C_clamp_transition,DFF_X1,CK->Q,cell_rise,load_low,1e-12,0.1017726567172356,0.10177265671737305,1.350652450963651e-12
C_clamp_transition,DFF_X1,CK->Q,cell_rise,load_high,0.001,0.2429370157384545,0.24308143963772602,0.0005941379131486291
C_clamp_transition,DFF_X1,CK->Q,cell_rise,load_high,1e-06,0.24308129521382676,0.24308143963772602,5.941379130868565e-07
C_clamp_transition,DFF_X1,CK->Q,cell_rise,load_high,1e-09,0.24308143949330213,0.24308143963772602,5.941378730089013e-10
C_clamp_transition,DFF_X1,CK->Q,cell_rise,load_high,1e-12,0.24308143963758155,0.24308143963772602,5.943183950804906e-13
C_clamp_transition,DFF_X1,CK->Q,cell_fall,slew_low,0.001,0.11764147672333278,0.11772380808216708,0.0006993603093168389
C_clamp_transition,DFF_X1,CK->Q,cell_fall,slew_low,1e-06,0.11764147672333278,0.11764155905469163,6.998492668497875e-07
C_clamp_transition,DFF_X1,CK->Q,cell_fall,slew_low,1e-09,0.11764147672333278,0.11764147680566414,6.998497994431501e-10
C_clamp_transition,DFF_X1,CK->Q,cell_fall,slew_low,1e-12,0.11764147672333278,0.11764147672341511,6.99896986649905e-13
C_clamp_transition,DFF_X1,CK->Q,cell_fall,slew_high,0.001,0.14008034183403095,0.14008345866227565,2.224979504687132e-05
C_clamp_transition,DFF_X1,CK->Q,cell_fall,slew_high,1e-06,0.14008345554544738,0.14008345866227565,2.2249795211126064e-08
C_clamp_transition,DFF_X1,CK->Q,cell_fall,slew_high,1e-09,0.1400834586591588,0.14008345866227565,2.224987981519639e-11
C_clamp_transition,DFF_X1,CK->Q,cell_fall,slew_high,1e-12,0.1400834586622725,0.14008345866227565,2.2389367556432926e-14
C_clamp_transition,DFF_X1,CK->Q,cell_fall,load_low,0.001,0.09615802016698896,0.09628204738788895,0.001288165595402498
C_clamp_transition,DFF_X1,CK->Q,cell_fall,load_low,1e-06,0.09615802016698896,0.09615814419420986,1.2898254426149382e-06
C_clamp_transition,DFF_X1,CK->Q,cell_fall,load_low,1e-09,0.09615802016698896,0.0961580202910162,1.2898272297309075e-09
C_clamp_transition,DFF_X1,CK->Q,cell_fall,load_low,1e-12,0.09615802016698896,0.09615802016711299,1.2898122218291665e-12
C_clamp_transition,DFF_X1,CK->Q,cell_fall,load_high,0.001,0.17360841832201218,0.173681559022633,0.00042111955369585026
C_clamp_transition,DFF_X1,CK->Q,cell_fall,load_high,1e-06,0.17368148588193238,0.173681559022633,4.211195536172251e-07
C_clamp_transition,DFF_X1,CK->Q,cell_fall,load_high,1e-09,0.17368155894949228,0.173681559022633,4.211196405523794e-10
C_clamp_transition,DFF_X1,CK->Q,cell_fall,load_high,1e-12,0.17368155902255983,0.173681559022633,4.2125196097107596e-13
C_clamp_transition,DFF_X1,CK->Q,rise_transition,slew_low,0.001,0.07239557188963609,0.07239554325706425,3.9550170119408065e-07
C_clamp_transition,DFF_X1,CK->Q,rise_transition,slew_low,1e-06,0.07239557188963609,0.07239557186100352,3.9550165557093806e-10
C_clamp_transition,DFF_X1,CK->Q,rise_transition,slew_low,1e-09,0.07239557188963609,0.07239557188960746,3.954644669589216e-13
C_clamp_transition,DFF_X1,CK->Q,rise_transition,slew_low,1e-12,0.07239557188963609,0.07239557188963607,3.8338775274737915e-16
C_clamp_transition,DFF_X1,CK->Q,rise_transition,slew_high,0.001,0.07239486979695395,0.07239487008353038,3.9585184547332495e-09
C_clamp_transition,DFF_X1,CK->Q,rise_transition,slew_high,1e-06,0.0723948700832438,0.07239487008353038,3.958516921167372e-12
C_clamp_transition,DFF_X1,CK->Q,rise_transition,slew_high,1e-09,0.0723948700835301,0.07239487008353038,3.833914693624573e-15
C_clamp_transition,DFF_X1,CK->Q,rise_transition,slew_high,1e-12,0.07239487008353039,0.07239487008353038,1.9169573468122862e-16
C_clamp_transition,DFF_X1,CK->Q,rise_transition,load_low,0.001,0.006246127880462656,0.006353226479815236,0.016857355816425282
C_clamp_transition,DFF_X1,CK->Q,rise_transition,load_low,1e-06,0.006246127880462656,0.0062462349790620075,1.7146104767245706e-05
C_clamp_transition,DFF_X1,CK->Q,rise_transition,load_low,1e-09,0.006246127880462656,0.006246127987561256,1.714639856356781e-08
C_clamp_transition,DFF_X1,CK->Q,rise_transition,load_low,1e-12,0.006246127880462656,0.006246127880569754,1.7146360114241994e-11
C_clamp_transition,DFF_X1,CK->Q,rise_transition,load_high,0.001,0.14112976406253835,0.14126751374895716,0.0009750981153642632
C_clamp_transition,DFF_X1,CK->Q,rise_transition,load_high,1e-06,0.14126737599927075,0.14126751374895716,9.750981152839047e-07
C_clamp_transition,DFF_X1,CK->Q,rise_transition,load_high,1e-09,0.14126751361120748,0.14126751374895716,9.750980188145378e-10
C_clamp_transition,DFF_X1,CK->Q,rise_transition,load_high,1e-12,0.1412675137488194,0.14126751374895716,9.751068602025508e-13
C_clamp_transition,DFF_X1,CK->Q,fall_transition,slew_low,0.001,0.034410210128081674,0.034410111605951,2.8631656217512412e-06
C_clamp_transition,DFF_X1,CK->Q,fall_transition,slew_low,1e-06,0.034410210128081674,0.03441021002955954,2.863165744355767e-09
C_clamp_transition,DFF_X1,CK->Q,fall_transition,slew_low,1e-09,0.034410210128081674,0.03441021012798315,2.8632593109675208e-12
C_clamp_transition,DFF_X1,CK->Q,fall_transition,slew_low,1e-12,0.034410210128081674,0.03441021012808157,3.0247827075507298e-15
C_clamp_transition,DFF_X1,CK->Q,fall_transition,slew_high,0.001,0.03440486546121483,0.03440484450624074,6.09070077977606e-07
C_clamp_transition,DFF_X1,CK->Q,fall_transition,slew_high,1e-06,0.03440484452719571,0.03440484450624074,6.0907024043572e-10
C_clamp_transition,DFF_X1,CK->Q,fall_transition,slew_high,1e-09,0.03440484450626169,0.03440484450624074,6.088828767147396e-13
C_clamp_transition,DFF_X1,CK->Q,fall_transition,slew_high,1e-12,0.034404844506240755,0.03440484450624074,4.033672585062008e-16
C_clamp_transition,DFF_X1,CK->Q,fall_transition,load_low,0.001,0.005101587793348506,0.005163601193725012,0.012009719195949283
C_clamp_transition,DFF_X1,CK->Q,fall_transition,load_low,1e-06,0.005101587793348506,0.005101649806748883,1.2155558049982961e-05
C_clamp_transition,DFF_X1,CK->Q,fall_transition,load_low,1e-09,0.005101587793348506,0.0051015878553619075,1.2155705854069751e-08
C_clamp_transition,DFF_X1,CK->Q,fall_transition,load_low,1e-12,0.005101587793348506,0.00510158779341052,1.2155776729169913e-11
C_clamp_transition,DFF_X1,CK->Q,fall_transition,load_high,0.001,0.06586750187521519,0.06593054225437993,0.0009561635170769987
C_clamp_transition,DFF_X1,CK->Q,fall_transition,load_high,1e-06,0.06593047921400078,0.06593054225437993,9.561635168980813e-07
C_clamp_transition,DFF_X1,CK->Q,fall_transition,load_high,1e-09,0.06593054219133954,0.06593054225437993,9.561637170750517e-10
C_clamp_transition,DFF_X1,CK->Q,fall_transition,load_high,1e-12,0.06593054225431688,0.06593054225437993,9.56260753440303e-13
C_clamp_transition,DFF_X1,CK->QN,cell_rise,slew_low,0.001,0.13439942078477307,0.13448180874701368,0.0006126327642989808
C_clamp_transition,DFF_X1,CK->QN,cell_rise,slew_low,1e-06,0.13439942078477307,0.1343995031727353,6.130079374204896e-07
C_clamp_transition,DFF_X1,CK->QN,cell_rise,slew_low,1e-09,0.13439942078477307,0.13439942086716103,6.130082781290531e-10
C_clamp_transition,DFF_X1,CK->QN,cell_rise,slew_low,1e-12,0.13439942078477307,0.13439942078485548,6.131447853091345e-13
C_clamp_transition,DFF_X1,CK->QN,cell_rise,slew_high,0.001,0.15683630689079955,0.1568394207847731,1.985402622601012e-05
C_clamp_transition,DFF_X1,CK->QN,cell_rise,slew_high,1e-06,0.1568394176708791,0.1568394207847731,1.985402624176028e-08
C_clamp_transition,DFF_X1,CK->QN,cell_rise,slew_high,1e-09,0.1568394207816592,0.1568394207847731,1.9854052079104107e-11
C_clamp_transition,DFF_X1,CK->QN,cell_rise,slew_high,1e-12,0.15683942078477,0.1568394207847731,1.9643460030132417e-14
C_clamp_transition,DFF_X1,CK->QN,cell_rise,load_low,0.001,0.07741938196028941,0.07762486289668177,0.0026471020846227365
C_clamp_transition,DFF_X1,CK->QN,cell_rise,load_low,1e-06,0.07741938196028941,0.0774195874412258,2.654120787546817e-06
C_clamp_transition,DFF_X1,CK->QN,cell_rise,load_low,1e-09,0.07741938196028941,0.07741938216577036,2.6541280225962032e-09
C_clamp_transition,DFF_X1,CK->QN,cell_rise,load_low,1e-12,0.07741938196028941,0.0774193819604949,2.654224289405514e-12
C_clamp_transition,DFF_X1,CK->QN,cell_rise,load_high,0.001,0.22573645473275766,0.2258804642318354,0.0006375473840443237
C_clamp_transition,DFF_X1,CK->QN,cell_rise,load_high,1e-06,0.22588032022233628,0.2258804642318354,6.375473841581081e-07
C_clamp_transition,DFF_X1,CK->QN,cell_rise,load_high,1e-09,0.2258804640878259,0.2258804642318354,6.375473826835809e-10
C_clamp_transition,DFF_X1,CK->QN,cell_rise,load_high,1e-12,0.22588046423169134,0.2258804642318354,6.377330502440661e-13
C_clamp_transition,DFF_X1,CK->QN,cell_fall,slew_low,0.001,0.11336138030415349,0.11344404521339496,0.0007286844283979153
C_clamp_transition,DFF_X1,CK->QN,cell_fall,slew_low,1e-06,0.11336138030415349,0.11336146296906274,7.292152649237495e-07
C_clamp_transition,DFF_X1,CK->QN,cell_fall,slew_low,1e-09,0.11336138030415349,0.11336138038681841,7.292158607854522e-10
C_clamp_transition,DFF_X1,CK->QN,cell_fall,slew_low,1e-12,0.11336138030415349,0.11336138030423613,7.290157033527835e-13
C_clamp_transition,DFF_X1,CK->QN,cell_fall,slew_high,0.001,0.1359316815536667,0.1359365804848006,3.603835786087875e-05
C_clamp_transition,DFF_X1,CK->QN,cell_fall,slew_high,1e-06,0.13593657558586947,0.1359365804848006,3.603835777246867e-08
C_clamp_transition,DFF_X1,CK->QN,cell_fall,slew_high,1e-09,0.13593658047990168,0.1359365804848006,3.6038236285173394e-11
C_clamp_transition,DFF_X1,CK->QN,cell_fall,slew_high,1e-12,0.1359365804847957,0.1359365804848006,3.593573776042491e-14
C_clamp_transition,DFF_X1,CK->QN,cell_fall,load_low,0.001,0.07802058182392246,0.07821983338567315,0.002547327872308922
C_clamp_transition,DFF_X1,CK->QN,cell_fall,load_low,1e-06,0.07802058182392246,0.07802078107548421,2.5538268010565307e-06
C_clamp_transition,DFF_X1,CK->QN,cell_fall,load_low,1e-09,0.07802058182392246,0.07802058202317404,2.5538334681306057e-09
C_clamp_transition,DFF_X1,CK->QN,cell_fall,load_low,1e-12,0.07802058182392246,0.07802058182412171,2.5537287072011023e-12
C_clamp_transition,DFF_X1,CK->QN,cell_fall,load_high,0.001,0.17049868055693734,0.1705751827632474,0.0004484955259654678
C_clamp_transition,DFF_X1,CK->QN,cell_fall,load_high,1e-06,0.1705751062610411,0.1705751827632474,4.4849552586002685e-07
C_clamp_transition,DFF_X1,CK->QN,cell_fall,load_high,1e-09,0.17057518268674524,0.1705751827632474,4.4849528796697055e-10
C_clamp_transition,DFF_X1,CK->QN,cell_fall,load_high,1e-12,0.1705751827631709,0.1705751827632474,4.4844956433577376e-13
C_clamp_transition,DFF_X1,CK->QN,rise_transition,slew_low,0.001,0.07298741214251346,0.07298746503645662,7.246990031723389e-07
C_clamp_transition,DFF_X1,CK->QN,rise_transition,slew_low,1e-06,0.07298741214251346,0.07298741219540741,7.246996641661746e-10
C_clamp_transition,DFF_X1,CK->QN,rise_transition,slew_low,1e-09,0.07298741214251346,0.07298741214256636,7.248116568382359e-13
C_clamp_transition,DFF_X1,CK->QN,rise_transition,slew_low,1e-12,0.07298741214251346,0.0729874121425135,5.704184077954572e-16
C_clamp_transition,DFF_X1,CK->QN,rise_transition,slew_high,0.001,0.07299231552309189,0.0729923188152017,4.5102140340543364e-08
C_clamp_transition,DFF_X1,CK->QN,rise_transition,slew_high,1e-06,0.07299231881190958,0.0729923188152017,4.510223312236699e-11
C_clamp_transition,DFF_X1,CK->QN,rise_transition,slew_high,1e-09,0.0729923188151984,0.0729923188152017,4.5250151685439556e-14
C_clamp_transition,DFF_X1,CK->QN,rise_transition,slew_high,1e-12,0.0729923188152017,0.0729923188152017,0.0
C_clamp_transition,DFF_X1,CK->QN,rise_transition,load_low,0.001,0.0070934529326027364,0.00722240119448275,0.01785393228757746
C_clamp_transition,DFF_X1,CK->QN,rise_transition,load_low,1e-06,0.0070934529326027364,0.007093581880864616,1.817815936230124e-05
C_clamp_transition,DFF_X1,CK->QN,rise_transition,load_low,1e-09,0.0070934529326027364,0.007093453061551,1.8178489715286835e-08
C_clamp_transition,DFF_X1,CK->QN,rise_transition,load_low,1e-12,0.0070934529326027364,0.0070934529327316845,1.817846241095226e-11
C_clamp_transition,DFF_X1,CK->QN,rise_transition,load_high,0.001,0.14107623165165978,0.14121267583263813,0.0009662318214270447
C_clamp_transition,DFF_X1,CK->QN,rise_transition,load_high,1e-06,0.14121253938845713,0.14121267583263813,9.6623182164561e-07
C_clamp_transition,DFF_X1,CK->QN,rise_transition,load_high,1e-09,0.14121267569619395,0.14121267583263813,9.662318802179832e-10
C_clamp_transition,DFF_X1,CK->QN,rise_transition,load_high,1e-12,0.14121267583250166,0.14121267583263813,9.664441559325259e-13
C_clamp_transition,DFF_X1,CK->QN,fall_transition,slew_low,0.001,0.039512558995132084,0.03951241098823718,3.7458190173133802e-06
C_clamp_transition,DFF_X1,CK->QN,fall_transition,slew_low,1e-06,0.039512558995132084,0.03951255884712519,3.745818930209647e-09
C_clamp_transition,DFF_X1,CK->QN,fall_transition,slew_low,1e-09,0.039512558995132084,0.03951255899498408,3.7458117301027116e-12
C_clamp_transition,DFF_X1,CK->QN,fall_transition,slew_low,1e-12,0.039512558995132084,0.03951255899513193,3.863472014170636e-15
C_clamp_transition,DFF_X1,CK->QN,fall_transition,slew_high,0.001,0.03959719212898803,0.03959734122285233,3.7652493751306337e-06
C_clamp_transition,DFF_X1,CK->QN,fall_transition,slew_high,1e-06,0.039597341073758466,0.03959734122285233,3.7652493236111445e-09
C_clamp_transition,DFF_X1,CK->QN,fall_transition,slew_high,1e-09,0.03959734122270324,0.03959734122285233,3.765128410523401e-12
C_clamp_transition,DFF_X1,CK->QN,fall_transition,slew_high,1e-12,0.03959734122285218,0.03959734122285233,3.679963540025663e-15
C_clamp_transition,DFF_X1,CK->QN,fall_transition,load_low,0.001,0.009930183855001981,0.010011950606079425,0.008166915149161206
C_clamp_transition,DFF_X1,CK->QN,fall_transition,load_low,1e-06,0.009930183855001981,0.009930265621753056,8.234095057407891e-06
C_clamp_transition,DFF_X1,CK->QN,fall_transition,load_low,1e-09,0.009930183855001981,0.00993018393676873,8.23416264409427e-09
C_clamp_transition,DFF_X1,CK->QN,fall_transition,load_low,1e-12,0.009930183855001981,0.009930183855083746,8.233931769030804e-12
C_clamp_transition,DFF_X1,CK->QN,fall_transition,load_high,0.001,0.0684426600261289,0.0685005920410062,0.0008457155354602598
C_clamp_transition,DFF_X1,CK->QN,fall_transition,load_high,1e-06,0.06850053410899132,0.0685005920410062,8.45715535495106e-07
C_clamp_transition,DFF_X1,CK->QN,fall_transition,load_high,1e-09,0.06850059198307419,0.0685005920410062,8.457154119129542e-10
C_clamp_transition,DFF_X1,CK->QN,fall_transition,load_high,1e-12,0.06850059204094827,0.0685005920410062,8.456260680950266e-13
